크록스 바야 라인드 퍼즈 스트랩 클로그 206633 11S,"50,760원",https://cr.shopping.naver.com/adcr.nhn?x=QGCrm4TVF32LGytW7jSRRP%2F%2F%2Fw%3D%3Ds7V71mAvvSGc8QrygTe%2Bpy66KHWFLQwUZGWldB25OV7lu2VxN8uXMLBOEGd2B8P1pofQOr6TYyxaKVdxS4jL6vMa84NI%2Fi6%2BnmF2GwckvfROk1SDhjq%2FnK%2BUzC%2FVbxOzoBtvGd3bixIJhEv19z1I6dN9%2BKy%2Fm0d%2BgYWHtEf61Jo5CNclKwvLyA%2Fys%2F%2FHPPajLx%2BxGdsn5Uz2pLs18oxu8LtHqefGiSDEUR9RuJ%2F6u83zE%2F4dj0aH2y%2FC1O4zTL3zKncbbzECLM9qHymHtiu5WIasJF1TG8DXvuOXRWh2aiSE1QmeK3ZPITzKHcbEnR%2BI8yaiYcEUiBti72ONZ8yI7UO0WBQ84Yp7Otcu0SOLvLhlXfqiCwBtPYYwEdSt6i2JAzo7iQYWXTztzrloLz7NvYQ680anrzfzPbA%2FhSANHim2w8593OR%2Br4qxUoJ1uSinakL51bhivHYa2mN8Y6ur7JUSufyFr46nE2%2FY0fhgB3rBKjy%2BiqJUccJuOAJnTUlHDBvfGlQQ6SDHFy58iE9UnLVwXjOpXxLcQEbzz4V9DqkYKxTOI2enDnDfYTKJ0HRINAYTYOqTv%2FsOm0kcFv3bjpJye2tAea4Ec%2B%2BUyYBPbm8cQDVGUwQuYzoc3toLje9GaA35CyMrpXQUt3%2FJvHupy5s1ITc7NlRPvorKrNyQBKaY%3D&nvMid=42922471618&catId=50000789
크록스 퍼 바야 겨울 방한 클래식 털신 털 슬리퍼 실내화,"21,500원",https://cr.shopping.naver.com/adcr.nhn?x=gA0ne4xvkH8LzXhbH1ieBv%2F%2F%2Fw%3D%3DssBhd%2FfTfwzcIFCWnLFtOLkQZyX9dGtntFN6uLeAtL7s%2B6xFKqPA8JTET%2B0sCNX3n0dbfsxk1PXsbQjvc%2FsMiWBouy5TvWM8x6YjXbUMlbrW%2BmTXV7lndszuX2EIW%2BmAj5i%2FP1Ff8YWcyTqyNJ%2Fu4f2FEV98CfAwi%2FgpsOD1fQ6DIiArL9%2BgMmPPOhLvGpwgis22qhfAscAGgjgCq7mEA9HTb6BAdKn02lRA1IhmC0daAbCY81f975eS5nfR25FBiP83WAv8GAIoQ0MwLPWeb%2FYqJVMI0r7utLRfIroD%2FOB3CKVnC7UB5dHkz8hedv63SPSeit%2FdioxWo0jpEP%2BG%2FaACgqFqEJW6sqG6qqKwQy0p2Mu61t4DaYNzFeBsrv6k7HMe%2B7vdcxDsaoKa%2BSP3erM8lQoVAAKNXKKIfmDLARNPQU%2FxvfWA2eYckgUz0zIRwsKrf2PFdrEvTpJ9cMcfpd1dCiB5bX5pakstBQTbT%2FWEMjC0z%2FyuOncmfaHI2O7dCZsALCm7%2BRfJI9oV%2BLAV5wHR9INs9ZpxiOekV5%2FkbMXHukhIAoFCPZOvNIhkENszXJnnRpH1hwp33QbkT6jOQHQXZmkdFofIlny1Vbkk35mMOEsHC78VBLnFZh%2FnDobeN&nvMid=84790368632&catId=50000780
크록스 클래식 라인드 클로그 토들러 아동 털샌들 207009-060,"36,600원",https://cr.shopping.naver.com/adcr.nhn?x=qGJdktLUpgFCLHDW0%2FCASP%2F%2F%2Fw%3D%3Ds0r4xG1ra9%2FnUY%2B2%2Fv2ZQtug3ig9qAayQN6df2y4hTXpqAFw8eLwGrx2wKF6FuPACSHY%2FAKiDUpZMzaPD9807h%2BTWV%2BNrJWD2jwotZGaQfW8vK9%2FFJmNgC895SQf2QDozcOL7XeQ1fN2d2EjIX6uJjsv%2BjB2erv%2BZ%2Brrs5VHOiTQgGE7%2BZatKjf5hEf1XctkKeWMpoarJLak3mTjwzAEPllUbFyGpJ%2BCd3DYAngQRtYXA1FNwElPtdQJjwePaDxX47iRrrDNdAGRe0QPLmQmMzkPg%2F6PYJW9LpCSumzPJoigK7CtQzZWLlur1%2FFge4%2BEpBJPjkUcvT6t9NfuqD6IbQOzJ5f7eZ4IZp6QsZ%2F2kPAycmHMTpSO3vuOcS7rC3Qq4%2BzHt5cm8RLJFt2Una%2BGEXT6FURihOvVNK6%2BarovFEXYPQ431u6w0VnGxRIDS8%2FMJxX1%2FWG06Diq2v5tj2hwHz1HcWm8nHP2P6CgB8BoRyHUKrHyPDD%2FgBRi86NWhfDrajBusUb5HcKnstDjQTqb6VPI0fIFRfBZUPaSLRPGc3PK75PKhpE5WPs9NjBSJZGDIGKufRxWgzpqEysvsEnU0wBLPHBVE1X9hF6ZkrnPWwISumEUnmKOiSN%2B6AxX%2FNf4UGBjsQlY2aiZTBoNNMZGBQWhopkeKUdu5q4dSKA0zkoA%3D&nvMid=42889612593&catId=50004041
크록스 클래식 라인드 클로그 아동 털샌들 207010-10M,"34,010원",https://cr.shopping.naver.com/adcr.nhn?x=Xr%2F4MM0JZUyTub9P%2BVr3N%2F%2F%2F%2Fw%3D%3DsOMHjjVZdinrqyibaQeXZICC9xGQm5t9SBkFOpXcFsD1qAFw8eLwGrx2wKF6FuPACGmf24IxrbZPMXLp4rXziGOTWV%2BNrJWD2jwotZGaQfW8vK9%2FFJmNgC895SQf2QDozcOL7XeQ1fN2d2EjIX6uJjsv%2BjB2erv%2BZ%2Brrs5VHOiTQgGE7%2BZatKjf5hEf1XctkKNmkGAjBFYITCp8YWLAU3wFUbFyGpJ%2BCd3DYAngQRtYXA1FNwElPtdQJjwePaDxX47iRrrDNdAGRe0QPLmQmMzkPg%2F6PYJW9LpCSumzPJoigK7CtQzZWLlur1%2FFge4%2BEpeMFmfJHMqYduiFA2vW%2BLwuzJ5f7eZ4IZp6QsZ%2F2kPAycmHMTpSO3vuOcS7rC3Qq42CADnRA5OaGJk6LmAYevXsb9fe38o2Eslxa66FmBFHYPQ431u6w0VnGxRIDS8%2FMJxX1%2FWG06Diq2v5tj2hwHz7oIrg7VWpJRXfGNn6yqJ99SoKagHrFvQtAm6MkuFp0oReBIH3mJ3Cu4nRtG1rWRTJPHQT8DdGhZYYnV%2BRBEwG7E%2Fj%2Fdj6pPgId9NlOJxVBzAYTYOqTv%2FsOm0kcFv3bjpAwUKCGyRwsuGiaXT6p%2FEqbdizSba%2Fo4irs8qvdnQXVjA35CyMrpXQUt3%2FJvHupy5s1ITc7NlRPvorKrNyQBKaY%3D&nvMid=42764485595&catId=50004041
크록스 클래식 올 터레인 라이닝 클로그 공용 털샌들 207936-1LM,"55,380원",https://cr.shopping.naver.com/adcr.nhn?x=YqGOn4IyeNaSVVVfBzUFFf%2F%2F%2Fw%3D%3DseX0TYnNjDCMg7YiJOmf4oE995y3kM3P6af%2B%2F%2FQ2yTKdqAFw8eLwGrx2wKF6FuPACdMI%2ByRssTBiFsA70QAMxreTWV%2BNrJWD2jwotZGaQfW8vK9%2FFJmNgC895SQf2QDozcOL7XeQ1fN2d2EjIX6uJjsv%2BjB2erv%2BZ%2Brrs5VHOiTQgGE7%2BZatKjf5hEf1XctkK3KL7OaEtjTIcaRurk%2BkbEVUbFyGpJ%2BCd3DYAngQRtYXA1FNwElPtdQJjwePaDxX47iRrrDNdAGRe0QPLmQmMzkPg%2F6PYJW9LpCSumzPJoigK7CtQzZWLlur1%2FFge4%2BEpGZXbh4WG30fbf2L0EOD4gnS4WNR5QBo8rlrZ4YiGEWZ700JOGDcOdmRmLsfRR2NgN0T4OO0PBoQRJnaqg34SUnzEWKIeSL8gCGko0muIXAQPQ431u6w0VnGxRIDS8%2FMJOxvzWGtK%2F5wf6Kv%2Bg%2BZAf1hT7owvgckXYhQE6K%2BOJs2haD8kgDdRnP7V2569qgkJ8HrfTABkMP%2FglfZyI8ml5mPpeXygvma3JqpqLEd4VuMB2GBPRqmgcmwpDKUmLOtqzv5M8mJ0cTmr7D9Rmw2N8Q1q4RxHKdKf%2Fyis4rudz3SgIa%2Fcffg84M%2FU9OTwsbqByJ%2FnZnGEThxGvUjvOYrV8FdznR4EhPC6BI08fc6TT2xWkbDrUFJ2hBG8QaB8WVzn&nvMid=42422775231&catId=50000789
크록스 클래식 클로그 크록밴드 바야라인드 털크록스 슬리퍼 샌들,"20,900원",https://cr.shopping.naver.com/adcr.nhn?x=AVNGNH%2BqVmXVM3i%2BAjV2S%2F%2F%2F%2Fw%3D%3Ds96C1GRK4uIzhn8pX6fxWjE7y%2Fo%2FrrpzDzqbf90v2%2B5tu2VxN8uXMLBOEGd2B8P1pdzWkNq1B%2FyncsRjTKK2%2BD8a84NI%2Fi6%2BnmF2GwckvfROk1SDhjq%2FnK%2BUzC%2FVbxOzoBtvGd3bixIJhEv19z1I6dES%2BortKzfQDWBF5GV%2FKfqEhJv3ljJo79VVIpj6%2Fm3WONMp0X78QtSBhyUvCoUvZ8O4ka6wzXQBkXtEDy5kJjM5D4P%2Bj2CVvS6QkrpszyaIoCuwrUM2Vi5bq9fxYHuPhKSupnBRavEH%2BfNkUC8OCaI%2F6PiJRzElXt0oefFB7q69mV36ogsAbT2GMBHUreotiQIb%2BiGM1Jiu43gSjaO1RXpiOnt%2FMCJE0bppIZWALyXFbPsFZlELHNFeDTjelglUDiypRHXvQNwNoxcoonPCnyTCfg%2FVlw8Ugm7WUBlvhJgVhxYey3taJquoQeXB%2F%2FyWuKpmQxR75pScvvXHWa%2F1hpRellIXf7IIC2wstiJdkQsyVNbpmtGmfEGOPORNs3tjjFXkL7kJU3VmYDSKXR1tEOPsphM4Xkqwer6KAYBzWkB5nBhu3Na2QNMnmyhoIyHu2gJPgzJaBpf8Hqt%2FW81XDvZsXk5OmeNMtuHIoareJYd%2FAaGimR4pR27mrh1IoDTOSgA%3D%3D&nvMid=84147670496&catId=50000780
크록스 클래식 클로그 바야밴드 크록밴드 슬리퍼 샌들 크룩스,"21,900원",https://cr.shopping.naver.com/adcr.nhn?x=tZA7qZkBOdKcihwotG93gv%2F%2F%2Fw%3D%3DsG8i4vIIZiMPNlTGu9Y0ghkGELqpkH3pcFJoO7kNPQy1qAFw8eLwGrx2wKF6FuPACMKIGP3xjH%2F1Xtu1QQVhpGeTWV%2BNrJWD2jwotZGaQfW8vK9%2FFJmNgC895SQf2QDoz6IN2Z%2B8QSWYzchL0xeIUusVIhUTYq2J1wF4XcKD2AOWkOA3ZateG%2FY8eKxwX1E0NpzEEha%2BY4NvifdOpudBxEeEZpRz%2Fr18l7CSIw%2BXHjpfDpmNu2Rs3tEPrV0ZTODsbWqyaFa2xLbpwGCJChqMDqt42wPL9Gm1hpVtEGvFGg0whK4iy05Q9KwFGU8YoXW2pe9NCThg3DnZkZi7H0UdjYCUCbLmhzBBGSYmyrvOHr51KI194O3yVGRkTAKu5NZTn7opcFBAe%2B%2FJKaFIXW2gknp279%2BWHEYxDv%2B3a52QVUCLTH6T7Rr1SNIl9zAvaF33EFweKxmXRVoLc1tvTqKFpzQ%2Ba6LZLGiMPGqu3ziHh97hYq2sBAP9RrGDORDpRQ6qMQJsqpWECrABRa9xQV0vkZn%2FPePErTRMtZzzGs4Yvs9ByWrDs9wF1D%2BP85YlwoBMZ%2FIhPqNWWUwbferGIYk2WF4HH%2BFKgtf5XXTvSDsAnKN1vU2Y6hEEwGxc1AZfON9sL4VRAH%2BsMDObarUodGweR8Q%3D%3D&nvMid=85642877149&catId=50000789
크록스 바야밴드 클로그 205089 126,"36,040원",https://cr.shopping.naver.com/adcr.nhn?x=c9dsPptn1n5l6k0WTwScxP%2F%2F%2Fw%3D%3DsnqtNPTn%2BUj7v3DBx31x066%2BW8RiEH0Pw9rNL4NqrcM5u2VxN8uXMLBOEGd2B8P1pjZlBD1%2FNfWe0wAqYF5BLVMa84NI%2Fi6%2BnmF2GwckvfROk1SDhjq%2FnK%2BUzC%2FVbxOzoBtvGd3bixIJhEv19z1I6dN9%2BKy%2Fm0d%2BgYWHtEf61Jo5CNclKwvLyA%2Fys%2F%2FHPPajLpm1HWBZtvOJLdGoBD77KodHqefGiSDEUR9RuJ%2F6u83zE%2F4dj0aH2y%2FC1O4zTL3zKncbbzECLM9qHymHtiu5WIasJF1TG8DXvuOXRWh2aiSE1QmeK3ZPITzKHcbEnR%2BI8h7lJ4EXoAqbmVR%2BcZN5yJBZypZQNysmBsQx%2BmvtLrvpXfqiCwBtPYYwEdSt6i2JATIihFMEd9pl7mR5i2MnlxktcVtb29rrOLuaeAPu%2FiP%2Bw8593OR%2Br4qxUoJ1uSinaRH08OlE30Rfvt1t7c8u3XGjAkudETxr9WSupH6KgkJejriJ8H0NV5nx9%2BVr0aUV2CptBy57VvC2BKrSXQ93IohtGynpU37nEbAZx4hel59URpOFzCbaM6OU97uoPifjrmn7GZNkx5V0%2B39jwo%2FCbCinzZlyR%2BVpuQCdn5gGo457Njqh%2FZemCCOboDhnweAmG&nvMid=39016364621&catId=50000789
크록스 바야 라인드 주니어 아동 겨울 방한 털슬리퍼 207500-00Q,"34,380원",https://cr.shopping.naver.com/adcr.nhn?x=4BU8eIVucNb8TkDKsK%2FoB%2F%2F%2F%2Fw%3D%3DsnqpEAic%2BI9Z1su1siQXPvd7M1swuSm2D%2FFOPnBc4IxBqAFw8eLwGrx2wKF6FuPACVSqFj7A1ZQgQu2pqX75y4%2BTWV%2BNrJWD2jwotZGaQfW8vK9%2FFJmNgC895SQf2QDozcOL7XeQ1fN2d2EjIX6uJjsv%2BjB2erv%2BZ%2Brrs5VHOiTQgGE7%2BZatKjf5hEf1XctkKYAw2dw45BSW1NshpvwwpvVUbFyGpJ%2BCd3DYAngQRtYXA1FNwElPtdQJjwePaDxX47iRrrDNdAGRe0QPLmQmMzkPg%2F6PYJW9LpCSumzPJoigK7CtQzZWLlur1%2FFge4%2BEpZOCITgv8SFbei%2B%2B2m278PTPK4Ijqj9AzM6%2BfgGGRxtGcmHMTpSO3vuOcS7rC3Qq4MaX7ETGxzFpHFGurvJaBfN1woZLwre%2F0c6LfC8XQvOZ21THl5RnWiq5vgwjE%2FMlB%2Bi5LwylT5FzqKtFcemlbwIfruwI2XFWDBeW%2FPMrWqGP9RnfmObBOu0xSxqY5khVRnJXz2VoO%2Bdg1HMCzgw4bHY7OLiaZNuwtbAVPDICGRqT7lwmAI6FgPSqzyfySZdEZaesVnJgxN0dkph0oBTuFFQ1q4RxHKdKf%2Fyis4rudz3T0nQ1j03kcAW1UFc4lBZCQUM8Jbwr8Aj06eOByLfzdq1dznR4EhPC6BI08fc6TT2xWkbDrUFJ2hBG8QaB8WVzn&nvMid=42619643478&catId=50004041
크록스 키즈 클래식 라인드 네오퍼프 주니어 아동 방한 부츠 207940-001,"63,310원",https://cr.shopping.naver.com/adcr.nhn?x=6tOXSkv1T8w8YfC3vzmfhP%2F%2F%2Fw%3D%3DsNnDx%2B479cawDLoKyb4PY7it%2BVtME3HMGEzlGeLOQTCtqAFw8eLwGrx2wKF6FuPAC4XngdkxZxIg4ualcy8BUV%2BTWV%2BNrJWD2jwotZGaQfW8vK9%2FFJmNgC895SQf2QDozcOL7XeQ1fN2d2EjIX6uJjsv%2BjB2erv%2BZ%2Brrs5VHOiTQgGE7%2BZatKjf5hEf1XctkK%2FrmDBqcT1Hu85Euj55PZUlUbFyGpJ%2BCd3DYAngQRtYXA1FNwElPtdQJjwePaDxX47iRrrDNdAGRe0QPLmQmMzkPg%2F6PYJW9LpCSumzPJoigK7CtQzZWLlur1%2FFge4%2BEpY6wbc%2FYJSLGeA72zk%2FLTcoRNuSAk9mXjtVwL7U5PvNWcmHMTpSO3vuOcS7rC3Qq4yuzXeqV3SK9nyxmqP2CdYcb9fe38o2Eslxa66FmBFHbtWZ6qf6Dgj0XGSL6rrdJVI3s15gkGmUTAUv7oLh9v5rrTZGQI4BysoALKi1jW3sBYnBB5akUo4Fb7OnXC8p85%2Fqe5Bnh0np%2F5aFrWuV%2F4f06tLHegTE%2BMuEjY9icFntsvvvVp3GQrRtIUt5oKSjp1Ro7Xdg%2BuDBdPfaKORTwqzb9oI%2BiLsRMtnd3%2Bm9kgJnr6C0XXk8ySaOQ0OaLzzIxFZKjIQVKGXBfRqSN2bvkJ7TNUWv4ZqRWZXDrIxUuXJKjLVWGr8fvvH1mWvUgXPK6j&nvMid=43172645165&catId=50004041
크록스 올터레인 라인드 클로그 블랙 207936-001,"79,900원",https://cr.shopping.naver.com/adcr.nhn?x=rjrDWkjsSXDvsGxc%2FLGyQv%2F%2F%2Fw%3D%3Dsc0a5zkcdAAbAXPdOf1NcUQ3DZ6hE3JjY5WaGygWxcqJqAFw8eLwGrx2wKF6FuPACawJGJYLnJ8R24wTtB03L0%2BTWV%2BNrJWD2jwotZGaQfW8vK9%2FFJmNgC895SQf2QDozK37CZ3603AtuSXUED94wPGvqR2unsG9Pw6XBns%2FftjJGNMg26%2F%2B4Y8kgsfd5XyPZtKanJP3DDoGClPIxjLgnHH5tmhZ3E7jQi116MTOI%2Fnfffisv5tHfoGFh7RH%2BtSaOAFJNLWxG%2Fj2gEfGb7GroeNexnxOKsumUURC1ZmzapcXKOdGi8f%2BX9b5Jj2DkdWjjV36ogsAbT2GMBHUreotiQMDAN6qCwWY4%2BlFmoC1ZULBTvyvVze%2ByDuqPv1Sz6FFOeEzhcs%2FaM0VSgdW4SHLgoVICVAzlbQGeVk%2FG3MVDqOqifj1EPPI9UQuqqMWqLSOZLFUCo2dp2pJrZ45RLln3yQLuK0MZ2ER8T%2FnOaDqU16fyzuVeABsSlTIzXJXydLbeWITFkRTE5nzE9e4nQnvklAwtLFEcSYLOjn1h7zhK0sRlMBTF02Je4vsUQ5gX7PxJlbmti5IMYuBM%2B4vhlLStZFaFndIwdNwuWmKtx1HNSCrUkiyUGZ3FpPHvE7X48%2Bhb&nvMid=86728120282&catId=50000789
크록스 올터레인 라인드 클로그 207936 001,"62,900원",https://cr.shopping.naver.com/adcr.nhn?x=qhUyzolwMmFSlQ310W8Flf%2F%2F%2Fw%3D%3DsvaLj6%2FrH%2F14nA2SuCj20Gp%2ByWxNUdfTkvoicQCE4cZhqAFw8eLwGrx2wKF6FuPACy8EX5NODAtjzSTk0Yd3eTuTWV%2BNrJWD2jwotZGaQfW8vK9%2FFJmNgC895SQf2QDozcOL7XeQ1fN2d2EjIX6uJjsv%2BjB2erv%2BZ%2Brrs5VHOiTQgGE7%2BZatKjf5hEf1XctkKgNQs28lUFdKtymNCkCEbwlUbFyGpJ%2BCd3DYAngQRtYXA1FNwElPtdQJjwePaDxX47iRrrDNdAGRe0QPLmQmMzkPg%2F6PYJW9LpCSumzPJoigK7CtQzZWLlur1%2FFge4%2BEpaxs5LY2hyho7X2JmKfCL2IToNWfVj%2FJe%2BUPeAR4kuq9700JOGDcOdmRmLsfRR2NgcEAl1ZOb8NtQXXGg5pTsBkojX3g7fJUZGRMAq7k1lOdcp6JfDYY7lHv456SnJ%2F2%2FgM5ATxvJCTZgXhmGHdng1US9P%2BuzisV%2BkiwXZFjJMI%2FstZk1mMnAx%2Bt9rbJayVg26TFMnOLzD%2FkRMPgXv%2FVnwHARrAGJ91bKQKHVk1sHaodP4PMPHCnudPTZjGRUD3iULBnkb7GsX8XdOoK5aByLe8SXGwjB%2BegGqCuVSceCDkxgXHxm3c3WCREzhXsrooAGBq7h9PA5SrIXrcWPClBGWw%3D%3D&nvMid=43006168619&catId=50000789
크록스 에코 클로그 마블 클래식 올터레인 비스트로 크록밴드 바야밴드 실내화 크룩스 털,"21,500원",https://cr.shopping.naver.com/adcr.nhn?x=UDDOuqDxOOw2lBJ%2BIBz8wP%2F%2F%2Fw%3D%3DsSIX33Lgh6W%2Bi4UORBm3%2F9BBZNz%2F8cRjrvwPfSNfmS4dqAFw8eLwGrx2wKF6FuPACR40omf2SHRXtwZc0mUDgs%2BTWV%2BNrJWD2jwotZGaQfW8vK9%2FFJmNgC895SQf2QDoz6IN2Z%2B8QSWYzchL0xeIUusVIhUTYq2J1wF4XcKD2AOWkOA3ZateG%2FY8eKxwX1E0NpEqyUGX5S9fmuXsA0qicD%2BEZpRz%2Fr18l7CSIw%2BXHjpfDpmNu2Rs3tEPrV0ZTODsbWqyaFa2xLbpwGCJChqMDqsvFV7Q0eJEJwKQPeXVIeNRrk5maEB3Vpo90DCNx4Kgke9NCThg3DnZkZi7H0UdjYPsPlflIcBypR6nL2mggl80GVJjQOIMS03m13YAnzFDQZZuAYf4oGmblEKSlYaOHmLDxA12RRoB7Tz521xWLFDvvS7P%2Fx5IfTsbMrhxZeDlpa4m2uhttx3xbklxIEReuqMNyOFD0pLX0ImTXLyvvanSjJcG26vG30U8jikArTHA3bhWmdDBnphlFFOflLiOk3itQgfwHAIY45o6Xcq%2BBD3YREISkwItYNEcKmnTh6WINcF3RT8eNvoZU0Z9zOA259w%2FtRs2MgkAFbAzurpTEm5Ziu5Vhix3ZXQU4OQT2TiaNRBtYLa3XYJHHD9vO4w6msBV0bfXPFPP7qtZAmgX6k%2B4OEsHC78VBLnFZh%2FnDobeN&nvMid=85835966186&catId=50000789
크록스 바야 라인드 클로그 205969 060,"38,400원",https://cr.shopping.naver.com/adcr.nhn?x=ghNyg4KHAOXXS2V0w7Wh0v%2F%2F%2Fw%3D%3DsAIy%2FqcMbq11umjyi0efmMXVs1tqQUS8k0jhFUB5LXyQ%2B6xFKqPA8JTET%2B0sCNX3nzEo6I965ThxDPiCeT6c4sRouy5TvWM8x6YjXbUMlbrW%2BmTXV7lndszuX2EIW%2BmAjHflPl2QohDyf3%2Bt3mHtFwlVd6Z%2BmZ5fvTALbBBPmfKJGZxG4hfJP%2BI%2BYRQWRFaxINIaaLLRf59QgpOo1iuKSH9TzTjA5PTpoKz97z0z0sf4aXQnUYVRdkeBP40BrUb6i4RmlHP%2BvXyXsJIjD5ceOl8OmY27ZGze0Q%2BtXRlM4OxtarJoVrbEtunAYIkKGowOqAKqZeru4U4oUuGYwMBjAIiEhb%2B5%2BbgCLWD5ufmjwVaC2ZvdeJchlafg1F4S8%2FfjcBhSObYOUXEJHz%2B4fjIiXpqAhfbmRc6T9Q91MqoVII6oSPERBPgml3JulsIAynO0gLD8FlQOdwM5tH9LrwDykdUIPcTlZLtCijExKV09mEzi7A%2F0vSPti8cHY4o2fastw8w6jIb7O0P3cp1C8kizmWQKU8pWnhLNH0q%2Fs6ixvHeaOv%2B%2BG7P8zZs54SDuTec41CFoybR2InokAVrtz2IiSDhtwoDwU7574Sj6DYXm%2BZnJoaKZHilHbuauHUigNM5KA&nvMid=43434476618&catId=50000789
크록스 바야 라인드 주니어 아동 겨울 방한 털슬리퍼 207500-11H,"35,840원",https://cr.shopping.naver.com/adcr.nhn?x=SiH9uy1zstFOLhSDSQAkUf%2F%2F%2Fw%3D%3Ds5J8OlNuNyWGwJt9Ekfxrz8DpPkPOVrsbFYSHVVMIQndqAFw8eLwGrx2wKF6FuPAChsLCyyMVWH72nezv2I2IlOTWV%2BNrJWD2jwotZGaQfW8vK9%2FFJmNgC895SQf2QDozcOL7XeQ1fN2d2EjIX6uJjsv%2BjB2erv%2BZ%2Brrs5VHOiTQgGE7%2BZatKjf5hEf1XctkKyU1jYCbfqWv6ReUwPuhmvVUbFyGpJ%2BCd3DYAngQRtYXA1FNwElPtdQJjwePaDxX47iRrrDNdAGRe0QPLmQmMzkPg%2F6PYJW9LpCSumzPJoigK7CtQzZWLlur1%2FFge4%2BEp9K9vBAAgMOE%2BuZo7U9QyjhrOvlDfH2k52N84tHqo3jycmHMTpSO3vuOcS7rC3Qq4ZJK5eHnXatj2%2Bp%2B%2BffcqXd1woZLwre%2F0c6LfC8XQvOZ21THl5RnWiq5vgwjE%2FMlB%2Bi5LwylT5FzqKtFcemlbwIfruwI2XFWDBeW%2FPMrWqGP9RnfmObBOu0xSxqY5khVRnJXz2VoO%2Bdg1HMCzgw4bHehBr9OaJgPcuAXN57%2BkbJQDQ9GbOLMscF7ZCYEU12iIDKXkWKkSoOmqUI1GtQ7yoA1q4RxHKdKf%2Fyis4rudz3TVWfM1HL%2Fvrjc6qK3iOFpvEe5ak2y0UqsbfUS5NFekRVaFndIwdNwuWmKtx1HNSCrUkiyUGZ3FpPHvE7X48%2Bhb&nvMid=43243543468&catId=50004041
크록스 클래식 클로그 10001 001,"32,610원",https://cr.shopping.naver.com/adcr.nhn?x=cDLpW4jM2lnRwGFF0FWG0f%2F%2F%2Fw%3D%3Ds%2BSX8vawT99L2vZrwAhAtf2DcFXN50qdBqIA0pVE4L0g%2B6xFKqPA8JTET%2B0sCNX3n4RzudoP9vi0Gt9siTibLkxouy5TvWM8x6YjXbUMlbrW%2BmTXV7lndszuX2EIW%2BmAjHflPl2QohDyf3%2Bt3mHtFwlVd6Z%2BmZ5fvTALbBBPmfKKmmGWheHwzaV2EX5BpXq7hzBrdBl%2BlrSGNozimAxfjQdTzTjA5PTpoKz97z0z0sf4aXQnUYVRdkeBP40BrUb6i4RmlHP%2BvXyXsJIjD5ceOl8OmY27ZGze0Q%2BtXRlM4OxtarJoVrbEtunAYIkKGowOqN8ojJZbEvTR%2FkO9mtNnR9CEhb%2B5%2BbgCLWD5ufmjwVaC2ZvdeJchlafg1F4S8%2FfjcRD22LKQyyLDPeXEoXjARIqAhfbmRc6T9Q91MqoVII6osqEREFnWu7tkx7k6TKRg4tLoAn%2BRSapmG8FkIjxxwAUJvXT7xR3f%2BcXRX1WqdRFrSayNDZKgmCSRoKkSdzgy4g9zWwTl6oP0yaSK84JmlqlE3riYGb0bxCu4GQsNwdPr%2FD%2FKmmJNTQhTmgrOm5%2BiFFSbY%2BhMkS1hO%2B6Gjva8RyQE0KAaGcmhjIDxXiPYBFw0NUJgJp6CUXauCvW7Y5AjN&nvMid=41547899619&catId=50000789
크록스 바야 라인드 퍼즈 스트랩 마블 클로그 209241 94S,"52,500원",https://cr.shopping.naver.com/adcr.nhn?x=0%2FCWrTbIZv2dbjDFL6L3bv%2F%2F%2Fw%3D%3DsujQkWizG8HFHM1CLo8rb9dHbqo%2BUvodFDbayfbH56wk%2B6xFKqPA8JTET%2B0sCNX3nVpcXo3FiO7Ec%2FBL08MdpFBouy5TvWM8x6YjXbUMlbrW%2BmTXV7lndszuX2EIW%2BmAjHflPl2QohDyf3%2Bt3mHtFwlVd6Z%2BmZ5fvTALbBBPmfKJGZxG4hfJP%2BI%2BYRQWRFaxIYCoVWe4QMh2x6kYy0Jl9ldTzTjA5PTpoKz97z0z0sf4aXQnUYVRdkeBP40BrUb6i4RmlHP%2BvXyXsJIjD5ceOl8OmY27ZGze0Q%2BtXRlM4OxtarJoVrbEtunAYIkKGowOqnn73XIe1xeL%2Btf7OgYIleyEhb%2B5%2BbgCLWD5ufmjwVaC2ZvdeJchlafg1F4S8%2FfjcEZWkO%2FDHLYe1w6%2FOd1JXSKAhfbmRc6T9Q91MqoVII6oSPERBPgml3JulsIAynO0gz6IpSwSXxkBPnYC9covET370%2Bts%2FAJxzhsJxrA3nmq3uELuyE%2F3hGNN3%2By62gZZHkS%2BGvT3NGaSCfXHOooY5oRlQBa9ICcYUGHHeDDIR0mDXHOxjZyeEbZs4qaolx9VAUTeuJgZvRvEK7gZCw3B0%2BpzL34TnED%2B9V9ZIUNi4c7fLkCtAF4bcxT%2FsQ4sPQuo%2FnLywBF6TPdyrHi5pSyQkVg1QmAmnoJRdq4K9btjkCM0%3D&nvMid=43434424620&catId=50000789
크록스 슬리퍼 털크록스 털신 바야 클래식 플랫폼 올터레인 겨울 실내화 간호화 슬라이드,"20,900원",https://cr.shopping.naver.com/adcr.nhn?x=4NtiOkETFFXMIKDAYETiZ%2F%2F%2F%2Fw%3D%3DslCf4yEY8uOql5O4Rx5RNInN63e9e1tdwfYyj6imyvXBqAFw8eLwGrx2wKF6FuPACnjAhWczlqNJrd2w9XUDhsuTWV%2BNrJWD2jwotZGaQfW8vK9%2FFJmNgC895SQf2QDoz6IN2Z%2B8QSWYzchL0xeIUusVIhUTYq2J1wF4XcKD2AOWkOA3ZateG%2FY8eKxwX1E0NiOe%2FSLTadMpBPb1fZcMx2%2BEZpRz%2Fr18l7CSIw%2BXHjpfDpmNu2Rs3tEPrV0ZTODsbWqyaFa2xLbpwGCJChqMDqn6Cw2UVYWj3fZZEXy44SmyZIlWKWOSTyp5MLDQPfCOze9NCThg3DnZkZi7H0UdjYHSo0LHc0f4X9HtltDMac6xKI194O3yVGRkTAKu5NZTn6MdGhIaLp5oyVD53Exb84afanEDc7f9zeyJYA6yUu7w%2FXtQbF9QLZGAvLafoFxVMUve4FR3S43roMgqmMS8F70wZqaqoTUPms0eEq8ojtSh39KFjVWIQ5A3uVoJDGvbzLUuD9W3Q7sKUqi7HJBDOMBghLfcwgE0cFqtReVF9rIYvAtcUHapS2v6oq6M%2BPwzHLMtUwYACNt0HmmUFw2id5Q%2FtRs2MgkAFbAzurpTEm5ZsOJnFbyyZK2CHgp5sdOFYOrSovrVHjqrZlomfxsgnwQXZmkdFofIlny1Vbkk35mMOEsHC78VBLnFZh%2FnDobeN&nvMid=86924111069&catId=50000780
크록스 바야 라인드 퍼즈 스트랩 클로그 206633-11S,"64,210원",https://cr.shopping.naver.com/adcr.nhn?x=ON%2B%2FGJmWNsNKVT9lRzznVf%2F%2F%2Fw%3D%3Dsmph990bJ1HTBG67%2FbHOakVVJNlvrIy9m4PtmrOQdRMVu2VxN8uXMLBOEGd2B8P1pbma9BINQdixNljQ1%2Fmebkca84NI%2Fi6%2BnmF2GwckvfROk1SDhjq%2FnK%2BUzC%2FVbxOzoBtvGd3bixIJhEv19z1I6dN9%2BKy%2Fm0d%2BgYWHtEf61Jo5CNclKwvLyA%2Fys%2F%2FHPPajLfVOCdnG7H8jDguSPKQNWM9HqefGiSDEUR9RuJ%2F6u83zE%2F4dj0aH2y%2FC1O4zTL3zKncbbzECLM9qHymHtiu5WIasJF1TG8DXvuOXRWh2aiSE1QmeK3ZPITzKHcbEnR%2BI8%2B9wblaD3fm6057RKmjA5eEx6Vs%2BF3iOIEQBA%2Fv%2BucoJXfqiCwBtPYYwEdSt6i2JAenvq3LL4av4hA1QrpaBo3YAHeV6vkq2mNwbxr6EgTqqw8593OR%2Br4qxUoJ1uSinakL51bhivHYa2mN8Y6ur7JUSufyFr46nE2%2FY0fhgB3rBKjy%2BiqJUccJuOAJnTUlHD500tAEvx9xzn%2BLGfZoEBLligtPjgEI5f4a6QEa33QqXj8Beqqs41VB%2BHfGdSkT8BAYTYOqTv%2FsOm0kcFv3bjpNzF3IaKhPnPtkl6iuzmaJ%2B5cHoL%2FPYfUaQnnWicLS6Nb1NmOoRBMBsXNQGXzjfbC%2BFUQB%2FrDAzm2q1KHRsHkfE%3D&nvMid=43101017492&catId=50000789
크록스 슬리퍼 털크록스 여성 겨울 털신 퍼슈어 겨울용 안감 방한 양털 신발,"24,900원",https://cr.shopping.naver.com/adcr.nhn?x=SZYhQOldM7tfK1yFSyX%2Brf%2F%2F%2Fw%3D%3DsjlXfBhm4CHt4L4bLUu4h9CKeRxiPf0p5jTmgdRdwv0tqAFw8eLwGrx2wKF6FuPACukN69Kuy%2B2gcM71%2B%2BpclUOTWV%2BNrJWD2jwotZGaQfW8vK9%2FFJmNgC895SQf2QDoz6IN2Z%2B8QSWYzchL0xeIUusVIhUTYq2J1wF4XcKD2AOWkOA3ZateG%2FY8eKxwX1E0N8jC6GM2nSpRez7AKFYVYX%2BEZpRz%2Fr18l7CSIw%2BXHjpfDpmNu2Rs3tEPrV0ZTODsbWqyaFa2xLbpwGCJChqMDqjJfhyNCOv6eQDKOooaPM2Ez1ye6k0A963qb%2BE0HtOkJe9NCThg3DnZkZi7H0UdjYOKIkLUziPWkZPJaSq5%2FOF98xFiiHki%2FIAhpKNJriFwE6MdGhIaLp5oyVD53Exb84afanEDc7f9zeyJYA6yUu7ycbT%2BL0%2BDy7cDuRfPdG5cQAdIvkE4tBV0S82ztYp4xgh57JEk6KeocayJQrASTyb81OVnNMBiRTp8ta54Ixcgm8nbIpO%2FZY89wlPSHLN9q0N9katV3cDIYlObj0NNQhzjomkoZDQifCDSCTaGEwqy6rBr0mWZyQNskAlQQa9x8QdDcd6pHhTE4HiWTHw645e4L88th0DCSSLfPP2ojpvMskUVr7ceY1qymAucII9kaqB0cjwVm1BUYVknE7IEMpz4%3D&nvMid=84823583531&catId=50000780
크록스 슬리퍼 털크록스 겨울 방한 털신 바야밴드 크록밴드 퍼 털슬리퍼 K01 간호화,"20,900원",https://cr.shopping.naver.com/adcr.nhn?x=DtBOokTij9ZVZ7DfKYV%2Bav%2F%2F%2Fw%3D%3DsvjSw6nEZZFJEgvjHBr0RLRuoj%2BMKagsIvn5Co%2Bds%2FFhqAFw8eLwGrx2wKF6FuPACr60SeI6KjpB5EpGBq1Wm1OTWV%2BNrJWD2jwotZGaQfW8vK9%2FFJmNgC895SQf2QDoz6IN2Z%2B8QSWYzchL0xeIUusVIhUTYq2J1wF4XcKD2AOWkOA3ZateG%2FY8eKxwX1E0NbhXQ3IWpq65GkG7uzlENieEZpRz%2Fr18l7CSIw%2BXHjpfDpmNu2Rs3tEPrV0ZTODsbWqyaFa2xLbpwGCJChqMDqulHKX43WSjJAnsYN2zgE2wuX4wPS1lMgGUrPGHm3gLue9NCThg3DnZkZi7H0UdjYO1qS9j%2BGvd9jfOaN1hmHAfdcKGS8K3v9HOi3wvF0Lzm6MdGhIaLp5oyVD53Exb84afanEDc7f9zeyJYA6yUu7wnvDx0KKZ5ONQX0%2FPu%2FBE%2F7BSxk3LbKgE%2FbWY8Y0iF7hyhiwTTmBtm3S06xZA6Tq5VCnmnAWhEeFG6S5t%2F6Ml%2Bw%2BTdMFrpjeMrs1ZkT51jncftXW2vj5uQFb%2FFqK1x1zUuMxyWfSUu3XCuPxZRCEBeo64FkP9CQbIx7neKc6OctRheVXY3IqhBJ%2BBmy%2BXl7Rolb0JuYri2%2F8me8z044%2BDoOiBBBJ6Ic1HWOYIGHfv5RFdznR4EhPC6BI08fc6TT2xWkbDrUFJ2hBG8QaB8WVzn&nvMid=84155997028&catId=50000780
크록스 키즈 털신 라인드 클래식 바야 라렌 겨울 어린이 털슬리퍼 샌들,"19,900원",https://cr.shopping.naver.com/adcr.nhn?x=aGBFUcTGeyJHFYanin5sMf%2F%2F%2Fw%3D%3DsHFIMYK7HwQFQ9aNFo%2F3LwSFBpLkSGKXEUtmlRMO%2F5ABu2VxN8uXMLBOEGd2B8P1p0gNbMgoDeTTPcFNx7gpjL8a84NI%2Fi6%2BnmF2GwckvfROk1SDhjq%2FnK%2BUzC%2FVbxOzoBtvGd3bixIJhEv19z1I6dES%2BortKzfQDWBF5GV%2FKfqEhJv3ljJo79VVIpj6%2Fm3WOpggaKp0tVkdbbb%2BXfIRVlO4ka6wzXQBkXtEDy5kJjM5D4P%2Bj2CVvS6QkrpszyaIoCuwrUM2Vi5bq9fxYHuPhKXvi9wbAlErKel5HrtYhnHmB%2B%2FuGt0BiKzyyCIagKCU%2Bykcr6vnw1LOtzksWH5gNV4Ic89He2Mush1hnc6HSGPENBvKlyziyW24bvZ%2FX6ST46cyr%2BDIROJtFljuLfLUiwGC4BHpH3lky91vfCDq3xyMqB6ai0%2BbZW7o%2BY5JqkalkHO68hZdYc0ntJpowd9Ki4npP%2Bxt7onUIGcyt2poisLz%2B0cAG8bWCDs8MFo1GSi4XyW%2Fz7u0mpNotTD4%2B6seS%2FF0XWm40kz6dbABvvuIZbHXUElIuBMghGFxpk4qJjjKZK8heLG4Uqp7n0uGxEAk5yR4ABDZ2uuiUQRlTMziPrb1Ankwgu8uJ8Ub0SqO6l0y7A35CyMrpXQUt3%2FJvHupy5s1ITc7NlRPvorKrNyQBKaY%3D&nvMid=83492872565&catId=50004041
크록스 털 슬리퍼 털신 바야 라인드 클래식 겨울 방한 클로그,"21,500원",https://cr.shopping.naver.com/adcr.nhn?x=J6pSmoaLUsuo0XnbF6Kq0f%2F%2F%2Fw%3D%3DsyFNs16mqLLpaDEbnVrCz9hMnkTKtMlFkGNc9FkpZcFNqAFw8eLwGrx2wKF6FuPACjM%2Fy63%2B0ZuYGKLBonbMfHOTWV%2BNrJWD2jwotZGaQfW8vK9%2FFJmNgC895SQf2QDoz6IN2Z%2B8QSWYzchL0xeIUusVIhUTYq2J1wF4XcKD2AOWkOA3ZateG%2FY8eKxwX1E0NYGDqWOJXsbiN2oqLsYdZguEZpRz%2Fr18l7CSIw%2BXHjpfDpmNu2Rs3tEPrV0ZTODsbWqyaFa2xLbpwGCJChqMDqjaQKA1DfbiMqeYJWL03v9dxbXKvxu0aSezA5FNJJXngU1WhXCmIqaAvspa9%2BjLr99rBadi9Kh%2BmiD4Eso9%2FlQzN81WjUpxJVJrN5mDsz4Bp0JitlrD0lGwyAtTsMZm%2FD84lXjJZhvAP5nUdvCjLMDP%2B7EPEskyHjIHPmMKbu9%2F5OBVdDBV6oxMfmhzgS25NF%2BUAE0Fm9PXoMSTN3M%2BrE2lhjsPHV398r9a83fhU57luqL0Vw1ap8hG0QgN1AVVLcQy4iFHOYdvluUv4jwR4IOAryF4sbhSqnufS4bEQCTnJoaRmFGVu8afTQKscvd5IPLaQTMB96r5rXTl%2F6f%2BWjA4DfkLIyuldBS3f8m8e6nLmzUhNzs2VE%2B%2Bisqs3JAEppg%3D%3D&nvMid=82727005086&catId=50000780
크록스 클래식 라인드 클로그 203591 060,"40,340원",https://cr.shopping.naver.com/adcr.nhn?x=Irx6X7NG7R0dBzhLzR%2BKXf%2F%2F%2Fw%3D%3DsjqIIduZHkbEFPC1sCLVxVIPFbLezApjxYHhOLHWpRRBu2VxN8uXMLBOEGd2B8P1p5SSVPFMVIC85ri5qoEwM%2Fca84NI%2Fi6%2BnmF2GwckvfROk1SDhjq%2FnK%2BUzC%2FVbxOzoBtvGd3bixIJhEv19z1I6dN9%2BKy%2Fm0d%2BgYWHtEf61Jo5CNclKwvLyA%2Fys%2F%2FHPPajLcKTps47zd7doL1LNfR0dKdHqefGiSDEUR9RuJ%2F6u83zE%2F4dj0aH2y%2FC1O4zTL3zKncbbzECLM9qHymHtiu5WIasJF1TG8DXvuOXRWh2aiSE1QmeK3ZPITzKHcbEnR%2BI8VarT5%2BOy7qeauKmw%2Fmzktr9mqOzxHEKB2QCxunL7QE1XfqiCwBtPYYwEdSt6i2JAZNTXJYe1TelCmTt0Kwfy43o4fUgbds3nrXQDx2QXEYa55SMQfO4YXDA3m3V4SY7NVL5y1joFg009pLG8hdifLKyVHBdnt8rWsY1GUNI9eW55fq2eIFSO301zdFMk%2F6ubkeNgjV%2FnWX5UsEmd%2BrFBpQo%2FG89nM50QAhEAOkxXLkpP4PMPHCnudPTZjGRUD3iUquCXmXPYgulYkn51qE6A4la6jHrhFWx4v5ArHvftCb0%2FLOPW0owX9Enb61QZfhRwBq7h9PA5SrIXrcWPClBGWw%3D%3D&nvMid=38832052619&catId=50000789
크록스 라이트라이드 360 클로그 206708-0DD,"47,900원",https://cr.shopping.naver.com/adcr.nhn?x=TjwcCr9lgQLNPCkKcrbPiv%2F%2F%2Fw%3D%3DsM03a4FkfsYpgLljiZWdKgXZlWKaXZRaXjzQdzQn02mc%2B6xFKqPA8JTET%2B0sCNX3nu59bZYfRGGl9jSDTPyH61xouy5TvWM8x6YjXbUMlbrW%2BmTXV7lndszuX2EIW%2BmAjHflPl2QohDyf3%2Bt3mHtFwlVd6Z%2BmZ5fvTALbBBPmfKLSnb5TTG5Ask4ivDxm9zzmcZLjY%2BAbu14YdCVVTzj2%2B9TzTjA5PTpoKz97z0z0sf4aXQnUYVRdkeBP40BrUb6i4RmlHP%2BvXyXsJIjD5ceOl8OmY27ZGze0Q%2BtXRlM4OxtarJoVrbEtunAYIkKGowOq5VUvsgbt6%2FP4W2O8xafaGyEhb%2B5%2BbgCLWD5ufmjwVaC2ZvdeJchlafg1F4S8%2FfjcyKLrSol79rxRe00XDTqd9KAhfbmRc6T9Q91MqoVII6qs6obs56IXppE%2BTLPomyUGryFQUVTLGFXfV%2B06WUPIgsVffOPVsFhb0nuUwPSDFC69QxjvpXvEYrlFpPixpHbr1QGcAYmDJisIYm05lWsG6TR%2B%2B0rWh6GSLgGiRSr0YImdSlPOZBN6V54TTL6u%2FzFsNXH%2FVIA3%2FzYvdIE%2Bno%2BSLXmYsAe3RXcPsYDzVGtWbwgDfkLIyuldBS3f8m8e6nLmzUhNzs2VE%2B%2Bisqs3JAEppg%3D%3D&nvMid=38884529619&catId=50000789
크록스 슬리퍼 털크록스 키높이 통굽 여름 교사 회사 플립 쪼리 샌들,"29,900원",https://cr.shopping.naver.com/adcr.nhn?x=0FPw%2FRTPvEfdWGyMf8MLbf%2F%2F%2Fw%3D%3DsKN36Gs3k0P7MCV2CUzKZk6iwmZgI1S1G1wexa8VTmmFu2VxN8uXMLBOEGd2B8P1p%2B5qruZa93%2FADtFdOJvKCt8a84NI%2Fi6%2BnmF2GwckvfROk1SDhjq%2FnK%2BUzC%2FVbxOzoBtvGd3bixIJhEv19z1I6dES%2BortKzfQDWBF5GV%2FKfqEhJv3ljJo79VVIpj6%2Fm3WOrEwsmgAjfZ9pUfXtGt%2B2HO4ka6wzXQBkXtEDy5kJjM5D4P%2Bj2CVvS6QkrpszyaIoCuwrUM2Vi5bq9fxYHuPhKVTcptJ1bTUAaNCd93FbPmNNhOe21%2FGPPfP6KY16zJxpV36ogsAbT2GMBHUreotiQHSZ%2BzpJxZJgembudP60iB2C5MTOgeoUGtB2sf7yzInKeEzhcs%2FaM0VSgdW4SHLgoS9%2FhINkX5c8ri3vlVQUn9yocM4m9jweGQI9LUZ6GrYmsu28qxN7yWIvMSo0ePVfznJ%2F%2FiFs7%2BiLdiYQs2EyTJWQBFNIF8L3p4SoT7yquBGUx%2B1dba%2BPm5AVv8WorXHXNZWXMAWgu2x%2Fh6y1bfLNTW6jrgWQ%2F0JBsjHud4pzo5y1PXYa16fLrDutfA3e%2BDDBMDhRmkJz8tzWPLsWe%2B8lay2sa%2BitybXolPh2aPx8hhiEV3OdHgSE8LoEjTx9zpNPbFaRsOtQUnaEEbxBoHxZXOc%3D&nvMid=84240045329&catId=50000780
크록스 클래식 라인드 클로그 아동 털샌들 207010-060,"35,960원",https://cr.shopping.naver.com/adcr.nhn?x=86GVFQec1cscOGaoZGAYCf%2F%2F%2Fw%3D%3Ds021tQwt%2FiUXeSul4DdewoT5WBpAX3%2B43E5R9J4jxBrE%2B6xFKqPA8JTET%2B0sCNX3n%2BncflhtFe%2F%2BKzuCVO12mEBouy5TvWM8x6YjXbUMlbrW%2BmTXV7lndszuX2EIW%2BmAjHflPl2QohDyf3%2Bt3mHtFwlVd6Z%2BmZ5fvTALbBBPmfKK7pUDBfNb2nYd%2BaJ0gKm2NPrrZGjzGPeyh4KDfrEotBdTzTjA5PTpoKz97z0z0sf4aXQnUYVRdkeBP40BrUb6i4RmlHP%2BvXyXsJIjD5ceOl8OmY27ZGze0Q%2BtXRlM4OxtarJoVrbEtunAYIkKGowOqKcXtrfViivYkIRHrIs%2BWaCEhb%2B5%2BbgCLWD5ufmjwVaDQjiMrIc2bTL0SXu1Ik4AxupHgZ07rO93xwbXBBC6y46AhfbmRc6T9Q91MqoVII6osqEREFnWu7tkx7k6TKRg4futcmGHD%2FinWj%2FIpsv7QIxDnzLJKlXPi4DdLDqjhVsdxs4rN4y16dCUmnkoGDDWEoDujdhItCV8TWWKv1vyTTD97t4VKvIHrFBw1xaJC6RsUv1RIPnWKiu1Xyi%2BJGbySiA3%2FU2AzguC84AnoS7Lq%2BSsefOnJgM8%2FMUIqH%2B4UId%2F1YnrQT%2Bq5oQaEJy%2FHVunWV3OdHgSE8LoEjTx9zpNPbFaRsOtQUnaEEbxBoHxZXOc%3D&nvMid=42796423849&catId=50004041
크록스 바야 라인드 퍼즈 스트랩 마 블 클로그 공용 털샌들 209241-94S,"52,500원",https://cr.shopping.naver.com/adcr.nhn?x=pu%2BWabihizoUwRT1LrdPEf%2F%2F%2Fw%3D%3DszCa2cEtHKAckVx5rt0AJS9yZNn8DuwuN%2BUnnMWjW%2Bt1qAFw8eLwGrx2wKF6FuPACu71SbG2fS4%2BTalv10WpRgeTWV%2BNrJWD2jwotZGaQfW8vK9%2FFJmNgC895SQf2QDozcOL7XeQ1fN2d2EjIX6uJjsv%2BjB2erv%2BZ%2Brrs5VHOiTQgGE7%2BZatKjf5hEf1XctkK2HSri5WesAr3mckY7avP31UbFyGpJ%2BCd3DYAngQRtYXA1FNwElPtdQJjwePaDxX47iRrrDNdAGRe0QPLmQmMzkPg%2F6PYJW9LpCSumzPJoigK7CtQzZWLlur1%2FFge4%2BEpzv3CRsEv%2FbGO8WrbRuYFxLxUwx5WXykE0XZyewkKZCd700JOGDcOdmRmLsfRR2NgupdePxCd7O4Cc2WgIzumTW4Jfup8rDe4spUk8vsQQKF21THl5RnWiq5vgwjE%2FMlBZrtbGWizqARu7bJkXnozhffq0H%2BUy3UiFFLiZrDypjEY7%2B9zs1HIQWCg7o9lu1xWS5QBXazwINT6J%2BXqkb9FZkTIEGamkWRwgwdK05FkNT2Lq8xOY1Mf8BXuiXABhOM8RVg5U5iU9brrcCcKT7xyrRA%2FQShgk8bw47r6omd%2FTOuP9ozmdV%2FWs5eTR9VTjChbgE%2BW5rnNZg1aSZ7kzWjZAF9XYB3sZAG0cubzFM6h4hUOEsHC78VBLnFZh%2FnDobeN&nvMid=43088328674&catId=50000789
크록스 슬리퍼 털크록스 겨울 털신 사무실 실내 커플 방한 털 크룩스 캠핑 클래식 라인드,"21,900원",https://cr.shopping.naver.com/adcr.nhn?x=2d0fzV9sxh5gzn174bWkyv%2F%2F%2Fw%3D%3DssQYOv%2FUOu3Va2PZICjb%2FruPOexkkrtydphja6h4YqY4%2B6xFKqPA8JTET%2B0sCNX3nr8h3BBM2hVB3t0KQn0YlbBouy5TvWM8x6YjXbUMlbrW%2BmTXV7lndszuX2EIW%2BmAj5i%2FP1Ff8YWcyTqyNJ%2Fu4f2FEV98CfAwi%2FgpsOD1fQ6DBEbFJLph2fqYDMqnXV4ksO7erm0RAsJzBGd2tFgH5H3Tb6BAdKn02lRA1IhmC0daAbCY81f975eS5nfR25FBiP83WAv8GAIoQ0MwLPWeb%2FeSRp53T05SE312CQjcpu3Y65MTsbOSGl47MB3rBakYZPSeit%2FdioxWo0jpEP%2BG%2FaExSdccrVrk%2FxOX9yHkdz4d2Mu61t4DaYNzFeBsrv6k7JNP5OlsPTdQa1YcsYcSb0QTIBAF4xL%2BVTAUBzByEoxSTJhmrKfE51XXDl86zikZ10KkOlFUaP7sFOq%2ByHMfn7V%2BHxkXLY93oeuBbzxjBJx2%2FEaw9HN4DOdG2%2B9I1owtJ7iXS2T7mrcUkH3gMmuzIpDe6eH2%2FyZUo14Pym3EJgTueraKfbL2bLTXHxI52h1s1kF%2BOPwAR8GPTp5gDQYuJAh9Dp38QplGZ73tFHjefO1XVaMtTW2O8y06TenyJazQEtFcYhY0xBufx3eTUOl44CLQBjnTqRDIaX%2FME9gtinbYGruH08DlKshetxY8KUEZb&nvMid=86287398178&catId=50000780
크록스 키즈 바야 라인드 클로그털크록스 22FKCL207500,"33,020원",https://cr.shopping.naver.com/adcr.nhn?x=FrHRCYtT3XnpzA3E50RRDP%2F%2F%2Fw%3D%3Ds3a3%2Fen6jr3tg1MFfDwl3AOR8c4cg2%2BDYpK1VO1IO99VqAFw8eLwGrx2wKF6FuPACagGiWZnYs%2BtWjkhO2sbMe%2BTWV%2BNrJWD2jwotZGaQfW8vK9%2FFJmNgC895SQf2QDozcOL7XeQ1fN2d2EjIX6uJjsv%2BjB2erv%2BZ%2Brrs5VHOiTQgGE7%2BZatKjf5hEf1XctkKgAQJiIsfyCwvEKORqSGb7VUbFyGpJ%2BCd3DYAngQRtYXA1FNwElPtdQJjwePaDxX47iRrrDNdAGRe0QPLmQmMzkPg%2F6PYJW9LpCSumzPJoigK7CtQzZWLlur1%2FFge4%2BEp6wsTzB4r576LkzDOI0r9%2FMTImYskNTV4KnNTNJFMOvmcmHMTpSO3vuOcS7rC3Qq4R213eBNp5gKYwYBFEaSBstwRQyT5iDRlXdtlKXilPLLtWZ6qf6Dgj0XGSL6rrdJVNfBTxQMeEar8czDDZx%2BEgzI1ZV0Xlgzezm2EIu%2FcyWrxw8%2F3wkFcbGFEy1RI6kzD15KWMJQcXSSUKTIbQP6QgNSLg10oFrZ8CFkAN8xi9AgZRi9GFidTjhltrep4ZIuGUTeuJgZvRvEK7gZCw3B0%2BqkFLqGliajfxCk2vLXQI6GmwXqi5FkjTvrgmc48Okq4nLywBF6TPdyrHi5pSyQkVg1QmAmnoJRdq4K9btjkCM0%3D&nvMid=43389138990&catId=50004042
크록스 스톰프 라인드 클로그 208546 160,"81,750원",https://cr.shopping.naver.com/adcr.nhn?x=ONJswxkK44ryKoT87HBLmv%2F%2F%2Fw%3D%3DsMCP%2BjW%2FCbARaw1j%2B03jelY6iSLew1yXZsKgTChTj4FJqAFw8eLwGrx2wKF6FuPACByDa3qJ6erhUMpPgtsVhxuTWV%2BNrJWD2jwotZGaQfW8vK9%2FFJmNgC895SQf2QDozcOL7XeQ1fN2d2EjIX6uJjsv%2BjB2erv%2BZ%2Brrs5VHOiTQgGE7%2BZatKjf5hEf1XctkKbF7gXbczSXmY4FlkbzUJ4lUbFyGpJ%2BCd3DYAngQRtYXA1FNwElPtdQJjwePaDxX47iRrrDNdAGRe0QPLmQmMzkPg%2F6PYJW9LpCSumzPJoigK7CtQzZWLlur1%2FFge4%2BEpa6xWOBg2VNFbHlh7gN0nyfdNXFtpDldNZrODFP9ows9700JOGDcOdmRmLsfRR2NgClUgAHAADAWRhOuXC6%2Fy0t1woZLwre%2F0c6LfC8XQvObCTcKtbs%2FdIKzt2n%2FMA%2FnFNUtJ4XD%2BZWGxrV8LrJNtBKosnxtLr2%2BKArxk%2BmD3jy1nFaNqhHeR%2F%2BSR%2FvIqYePudmOqLQBNsrrwKAdDhff5I8jr8xt4DbRbbQmamNXjrFWdSlPOZBN6V54TTL6u%2FzFsbbbAgAIbwsJI1QnZat87KLqPfajXpNPFqVEiNP%2F%2Bl%2BIDfkLIyuldBS3f8m8e6nLmzUhNzs2VE%2B%2Bisqs3JAEppg%3D%3D&nvMid=43942806618&catId=50000789
크록스 클래식 바야 라인드 밴드 클로그 남성 여성 크룩스 사무실 슬리퍼 샌들 슬라이드,"18,900원",https://cr.shopping.naver.com/adcr.nhn?x=6p3odNdAFFc4dFwfZk4%2Bq%2F%2F%2F%2Fw%3D%3DsC%2FtktE95mHLGLzTn8Q8WqJQja7Gw76%2Bo9R2sB7xuWaBqAFw8eLwGrx2wKF6FuPACGEOVfpDMr%2F6K3YU3X0%2BqluTWV%2BNrJWD2jwotZGaQfW8vK9%2FFJmNgC895SQf2QDoz6IN2Z%2B8QSWYzchL0xeIUusVIhUTYq2J1wF4XcKD2AOWkOA3ZateG%2FY8eKxwX1E0NMkteZLUw3MAA6Sl8om3eReEZpRz%2Fr18l7CSIw%2BXHjpfDpmNu2Rs3tEPrV0ZTODsbWqyaFa2xLbpwGCJChqMDqj0G7ToNOya8c2MfMdCgeMKYkW0JVeTa28RjPgQSifE%2FU8siSc%2BUaZ8tNXdGa8OpTNikM4wpLwaIOCkBeZa8tiDG%2FX3t%2FKNhLJcWuuhZgRR27opcFBAe%2B%2FJKaFIXW2gkni5NDYCHqnzgZ%2FXcXGOsxJpY%2FrggRAvXpIAfZEslJL%2FCy9ulpNmD32K%2BSwRL47GNvs9sdzgVoT8i8jjJfK36O5fzga05ckTHzvNQAVXsE8d8oU%2BEggZHhdW4Hs3r%2FUxd6ZstZpr%2FykJScx3ZGDLgQRHNciQ8sZeU7wcmh3xYlHHC8DC8ZQitQES04U%2BoBlYZAqwa9JlmckDbJAJUEGvcfEHZFtarKU14d8%2FLFJJANHaUgwUc3d4QDieKg5PE7L%2BOIZFFa%2B3HmNaspgLnCCPZGqgdHI8FZtQVGFZJxOyBDKc%2B&nvMid=85141320555&catId=50000790
크록스 클래식 라인드 클로그 토들러 아동 털샌들 207009-10M,"37,590원",https://cr.shopping.naver.com/adcr.nhn?x=EDtm2yulGoNh0PQwP5RTof%2F%2F%2Fw%3D%3DsF6ZunPmXxxADl5qtnIf7NQvSdgz8%2FRewFCouB3p3QYhqAFw8eLwGrx2wKF6FuPACvZIgjwie3HxRG6hcaQdvuOTWV%2BNrJWD2jwotZGaQfW8vK9%2FFJmNgC895SQf2QDozcOL7XeQ1fN2d2EjIX6uJjsv%2BjB2erv%2BZ%2Brrs5VHOiTQgGE7%2BZatKjf5hEf1XctkKRjar4bwu1iX%2FVuuPhFmopVUbFyGpJ%2BCd3DYAngQRtYXA1FNwElPtdQJjwePaDxX47iRrrDNdAGRe0QPLmQmMzkPg%2F6PYJW9LpCSumzPJoigK7CtQzZWLlur1%2FFge4%2BEpLyMBMWlgledMAx%2FxZu5xl7u%2BaaaS%2F%2BqnMzGez3%2F1AvCcmHMTpSO3vuOcS7rC3Qq4Py5FxUoAp7HiHjCWX9N%2B98b9fe38o2Eslxa66FmBFHYPQ431u6w0VnGxRIDS8%2FMJxX1%2FWG06Diq2v5tj2hwHz1HcWm8nHP2P6CgB8BoRyHUKrHyPDD%2FgBRi86NWhfDracEQ%2BmDIw1%2Fs6q%2FbUCA3pBfI0fIFRfBZUPaSLRPGc3PJkGqPYgIaOknwtufuyEUosraTIUH8UbPHtIGdRXfR74BLPHBVE1X9hF6ZkrnPWwIRlUyjEQS2yjElxQ7deq6hsIPmZ%2BbM9QzyvViH5xEc%2Bfc2OqH9l6YII5ugOGfB4CYY%3D&nvMid=43477149925&catId=50004041
크록스 본사공식 키즈 바야 라인드 글리터 클로그 털크록스 WT 23FKCL207656,"34,320원",https://cr.shopping.naver.com/adcr.nhn?x=9jU%2F%2FZU3cPNHMoSrNUf1hf%2F%2F%2Fw%3D%3Dsk%2FIrjRVug%2B4JslDM5MNzWu8scAariq0EtU4wUummmNH34pBEr6CkXdFN0b0rj21rVFZUSrL%2FXo75wJ8fW8kfliRvij6OfsTK9G3Vu5T%2B5y5zPgLYOxKKHRrZ1wvINzRw1yRc5P%2FcsDGX0s7zBBk%2BLbngnxQ7ssMZd09T0OjyjIz%2FDldNCeXAjlTzPmXThUYDefGJ9o5RUM0DG92S0Rw9o2mhyBHWd7rDPTppP8Yby8HjoNLKjwMfSrEUfx3KEqE6dNvoEB0qfTaVEDUiGYLR1oBsJjzV%2F3vl5Lmd9HbkUGI%2FzdYC%2FwYAihDQzAs9Z5v9%2FXSBvHOvX67Ud631cFWnb2ovNxFWzA781dOsDXmXgY3O9TCCI0YXWtcMJInsbuWxBfPMvapeimo9gGD9kMJTp5w9%2FDMX2S1ZzF2txO07wpQT990WJGgaFkSqRX4fM%2FiJY6zTHFqTUq47bx7KKJGABtgHgPNRaBEe3%2FjpkK1j5pe8Puhdend947%2FwE08CinlBR0FwTROAzEvmHyMHETdnQ2jFLBFv2AWYdeOC%2FmJ6FLfR3fLjuS8nsLcBcM9FmengFtmqHplGsoc76Jbvxth2pOxOtJVM77jeUW2xss1Fg8gBhNg6pO%2F%2Bw6bSRwW%2FduOkdWvB8XhDZZf3io2AKZpP04dAdoDqvwmK8auKyOiOrHtvU2Y6hEEwGxc1AZfON9sL4VRAH%2BsMDObarUodGweR8Q%3D%3D&nvMid=42731947071&catId=50004042
크록스 클래식 라인드 글리터 클로그 키즈 아동 털샌들 207462-6S0,"39,610원",https://cr.shopping.naver.com/adcr.nhn?x=T3Bcq70fKhRSawOrMevDD%2F%2F%2F%2Fw%3D%3DsP%2FrzdirP2pp3cFC8f5J%2B32XuIUI3oCyGdd%2F9NCz%2BzzJu2VxN8uXMLBOEGd2B8P1p4MpQi0y7SuZr4NHPjhGs98a84NI%2Fi6%2BnmF2GwckvfROk1SDhjq%2FnK%2BUzC%2FVbxOzoBtvGd3bixIJhEv19z1I6dN9%2BKy%2Fm0d%2BgYWHtEf61Jo5CNclKwvLyA%2Fys%2F%2FHPPajLIRIJ%2B23D4RQBzCHU0vvCedHqefGiSDEUR9RuJ%2F6u83zE%2F4dj0aH2y%2FC1O4zTL3zKncbbzECLM9qHymHtiu5WIasJF1TG8DXvuOXRWh2aiSE1QmeK3ZPITzKHcbEnR%2BI8r3aAX0dpplFQ04yGLsFDImDp6xDEp4TvIjAEf2tiNO9XfqiCwBtPYYwEdSt6i2JA7LQG7%2BAZM3gmcFTV2lnmybSPyJaIvICzNR7KmNJoGja55SMQfO4YXDA3m3V4SY7Ni789UXdJMfgjxXskrswr8iPZi925Cd3ufbDCc2dxRUs%2BsOuhKHGJCgyGL7TljoERpUDWx%2FIVL41tM8%2FAh%2FM5Ry59FjfylRrfnhlfivNQf045xYQp%2BMoh37uNpzJTd8LU0ixTczAy62ZmyVYMWH3d5%2BRfyCHByna6HZFo12iWWaYNauEcRynSn%2F8orOK7nc90%2BWUbM2KV%2FYkL%2FaUiNEVJwb3ffoQyTsjAKBzPkfcr%2BBdWhZ3SMHTcLlpircdRzUgq1JIslBmdxaTx7xO1%2BPPoWw%3D%3D&nvMid=43476193170&catId=50004042
크록스 슬리퍼 바야 슬라이드 클래식 올터레인 플랫폼 라인드 털크록스 털신 털 사무실 학생,"27,900원",https://cr.shopping.naver.com/adcr.nhn?x=sG6DnlSuxz0SgKbdq6%2FCef%2F%2F%2Fw%3D%3DsEAyO0i948a%2BkxMpu4R6haSHUBcI5D3CF%2BHiaKwtlGetqAFw8eLwGrx2wKF6FuPACbhtKipJZkRHd%2FvH5NVvt4eTWV%2BNrJWD2jwotZGaQfW8vK9%2FFJmNgC895SQf2QDoz6IN2Z%2B8QSWYzchL0xeIUusVIhUTYq2J1wF4XcKD2AOWkOA3ZateG%2FY8eKxwX1E0NEcS%2BaoUhkONLYy4F8HH47%2BEZpRz%2Fr18l7CSIw%2BXHjpfDpmNu2Rs3tEPrV0ZTODsbWqyaFa2xLbpwGCJChqMDqsThShMaquHBH5X1SczNo6kiBtazccHR8QtVGqIa9%2BZme9NCThg3DnZkZi7H0UdjYCX5YmfpCWzwzOMRSrKOYFGy%2Fg%2B%2FSRal1BwobMCCgGuX6MdGhIaLp5oyVD53Exb84XgodMj0YomnYzQNto3ptpsxbBLQwk62bGOjuGKfIgWYCkxh1Hf8LTPR2V5A7JUgRUboK17rVnN0m70jmYYQqYEROTeEM3a9gJpgd7DjRw0QLPZU%2B2aObssSw7ulwmI%2FPw3x%2Bl1tRJlQ%2BgT93v3oGAtMEgsJm%2Bh7SxGS%2BS2ULb4f%2BefI8KBVKlDg4Nwvo2uXwimEzheSrB6vooBgHNaQHme6lpy%2BlC2HTywn%2FMS17FlbFssDb00r8injMn1v%2BdkopB0nE2knsv3106ukiQzVDKrNjqh%2FZemCCOboDhnweAmG&nvMid=85666664582&catId=50000780
크록스 털 슬리퍼 털신 겨울 실내화(국내매장판),"36,900원",https://cr.shopping.naver.com/adcr.nhn?x=wqsDCCTA04h90BVy6TOim%2F%2F%2F%2Fw%3D%3Ds67QNfalxID7xnK9BAIRThqw0QhTbHbYULjycCVUjAhQ%2B6xFKqPA8JTET%2B0sCNX3notLvx1qrELgjGqFba11ugRouy5TvWM8x6YjXbUMlbrW%2BmTXV7lndszuX2EIW%2BmAj5i%2FP1Ff8YWcyTqyNJ%2Fu4f2FEV98CfAwi%2FgpsOD1fQ6DIiArL9%2BgMmPPOhLvGpwgitwt1E4%2FpZgkr%2FnMQJX6iV3Tb6BAdKn02lRA1IhmC0daAbCY81f975eS5nfR25FBiP83WAv8GAIoQ0MwLPWeb%2FfrM0l%2FzOUL6FVRHA%2BX0NlnmisJdyVuxejME55KWPbPQPSeit%2FdioxWo0jpEP%2BG%2FaMZ53Kth9UjQNXRHVAosyqN2Mu61t4DaYNzFeBsrv6k7B2uGJS%2BTTRp4NUdwl2efzop33xe%2Bz2Ju3YHRjAzHneNQlUjebJaoFpO6BJI%2BJ8Wt9SezFi1PHpbVvKvMPJcsmcg6YAUokvDyqFTO132aqHJdT4qRwCcGMQbi31RLhljxNiFgIp6Q8IO9tMwX%2FAlCl8NX7KS9qOWjtbZ40gz%2FI7Z1CV2z8GbvDfS%2Bp6SIzoKWEC9QIC1anWqxL9Auic%2F1YeR79U%2F6Az3gE9mQ%2Flgn57E%3D&nvMid=84728628050&catId=50000780
크록스 올터레인 오프로드 듀엣 클래식 클로그 슬리퍼 샌들,"47,900원",https://cr.shopping.naver.com/adcr.nhn?x=T9mix7Xr3xAU6q0JJZbkx%2F%2F%2F%2Fw%3D%3DsROpbZc5nVGSBhufqCZtdiaz8GmUqGxe9KuFoJ8mq0oc%2B6xFKqPA8JTET%2B0sCNX3nsiM%2B7e7MGYucVlpTBE8naBouy5TvWM8x6YjXbUMlbrW%2BmTXV7lndszuX2EIW%2BmAj5i%2FP1Ff8YWcyTqyNJ%2Fu4f2FEV98CfAwi%2FgpsOD1fQ6AOYZ%2BfIXAZX1YuSRx8xCrnb79AXYkqDtqyk1GFmEU7YnTb6BAdKn02lRA1IhmC0daAbCY81f975eS5nfR25FBiP83WAv8GAIoQ0MwLPWeb%2FRDTUpyHPALFOtYlKfCrQsME8ceZldop3c%2Bn%2BQPreuGtTPMe3X1Vy883rQbDelhXYLL0m7AbNtkzyGyyCrou8ITd2LkIJap6yyss5ogR3HrNMzGnyWuAldYwNmjjMrwZSFT8JDqXnPMuozxYV0Ok8uK%2BT6j11C%2FXjBdN4M%2FBmHZ0UCeED5rzNv99RNCSLH6x6aWUhd%2FsggLbCy2Il2RCzJWkJ4Z5f0oMerA3dbn8yKAMontMKBEyPK1TSN7gd0bIgimEzheSrB6vooBgHNaQHmcU4fz41KDkm9BTqvxZySOdIj0lPtOqztb%2Bj0r34asYUOYF%2BXfX4apmdZ2NyRlw7rjNjqh%2FZemCCOboDhnweAmG&nvMid=84002565548&catId=50000789
크록스 스톰프 라인드 클로그 208546 001,"72,900원",https://cr.shopping.naver.com/adcr.nhn?x=Zem1f9zxrJIMhyTBJ57GJv%2F%2F%2Fw%3D%3DsIwrjv%2FNSlRuQRpH%2FVdYpFwpiXrouhgimYtOvbvmsnTpqAFw8eLwGrx2wKF6FuPACXxN7G%2B56FiU0rpAtPXQgKOTWV%2BNrJWD2jwotZGaQfW8vK9%2FFJmNgC895SQf2QDozcOL7XeQ1fN2d2EjIX6uJjsv%2BjB2erv%2BZ%2Brrs5VHOiTQgGE7%2BZatKjf5hEf1XctkKe4ajZtdajrzibDdUhk74NFUbFyGpJ%2BCd3DYAngQRtYXA1FNwElPtdQJjwePaDxX47iRrrDNdAGRe0QPLmQmMzkPg%2F6PYJW9LpCSumzPJoigK7CtQzZWLlur1%2FFge4%2BEpr5LeMRhSbfT0ElIezKgwnr6tiOPWuWMQDG9OLlu9axt700JOGDcOdmRmLsfRR2NgVOJsIhZM4d70%2B4yLAtyeM24Jfup8rDe4spUk8vsQQKHCTcKtbs%2FdIKzt2n%2FMA%2FnFNUtJ4XD%2BZWGxrV8LrJNtBKosnxtLr2%2BKArxk%2BmD3jy1aHARx%2F%2Bnitw%2F9lEufDE1hHZ2pBbLdPCgG%2FDvTyAjFMPLCnZzaPo1bsFQuhWVTk46dSlPOZBN6V54TTL6u%2FzFsr9%2Bwp06SfY6jR35NnK4xiFOeQ3dCxPvPhFqFH0T8p44DfkLIyuldBS3f8m8e6nLmzUhNzs2VE%2B%2Bisqs3JAEppg%3D%3D&nvMid=43991109624&catId=50000789
크록스 라인드 클로그 털 크록스 겨울 샌들 슬리퍼 방한화,"45,900원",https://cr.shopping.naver.com/adcr.nhn?x=H8r5Li7GQ1TnuNAtFAEJwf%2F%2F%2Fw%3D%3DsiBnwNPAZeNKykvrS4GOteBG0ROu8m8gRgROemSqipNc%2B6xFKqPA8JTET%2B0sCNX3njI1nzSzNU4xpetNywxCj7Rouy5TvWM8x6YjXbUMlbrW%2BmTXV7lndszuX2EIW%2BmAj5i%2FP1Ff8YWcyTqyNJ%2Fu4f2FEV98CfAwi%2FgpsOD1fQ6CLZg%2B836fvR7S%2FYhR6nHLLaeaz2IBlpFLFN%2FQlycG3DnTb6BAdKn02lRA1IhmC0daAbCY81f975eS5nfR25FBiP83WAv8GAIoQ0MwLPWeb%2FXDC3YDIhVb7kNhplLAXmArPRclXZwO0V8lfrvf2UONQTPMe3X1Vy883rQbDelhXYDbnGNRb7vQ4kFtoa06msXjd2LkIJap6yyss5ogR3HrN%2BeLCkZZcKWwmJ81i8H%2Fks8SUcDSBG%2Ft%2FtA3b63qA6ObWp0R3mhWuxa0oyEhOPkCVE6qEVKpSUOv1B4qM9gW5GasOXCkE0t8vZriTmKUykYKT%2BMB6%2BZibMqsdn6095%2BEfIBcxTi2Sf5xY79TB9IQ9%2BbEKHCxBhmtMLJXh3NqRZK0wAJR5hc8sBX%2B1YlFeelXa4UxGgKAO44KNo1%2BzT1j11krO%2FA1z0VUwmPuFwqpry%2FnLVWGr8fvvH1mWvUgXPK6j&nvMid=81961483191&catId=50000789
